BE/routes/api.php	CHANGED	1F-C3-58-9A-C4-55-E1-C3-B4-E3-AD-EF-F0-C8-89-00-3E-4C-FA-E5-2A-0B-C5-CB-3B-1D-5B-FC-B3-05-56-2D
BE/app/Http/Controllers/Api/Pt/PtDirectServiceController.php	CHANGED	DC-88-EE-72-22-A5-38-13-36-E6-57-C8-2C-11-D0-93-F5-60-23-84-C2-8F-70-70-1A-D0-3F-9B-20-F3-03-3F
BE/app/Services/Pt/PtDirectService.php	CHANGED	9D-BF-F2-87-36-D5-FE-70-B3-DA-7F-2D-5B-5B-A5-69-CC-06-61-17-51-23-7E-8D-FE-B9-4E-7F-F0-C2-2A-7F
BE/tests/Feature/PtDirectServiceTest.php	CHANGED	EB-E9-77-FB-56-72-A0-7B-2B-68-C0-72-5D-75-16-97-DA-9A-22-06-08-0A-C2-9F-25-A9-3F-86-23-EA-92-4C
FE/src/services/buoi_huan_luyen.api.js	CHANGED	B7-61-67-8D-37-61-09-1C-AE-4B-EE-D8-B3-83-F1-D6-61-E3-EB-A8-FA-B4-43-A7-EE-B3-9C-38-B6-38-14-AC
FE/src/services/buoi_huan_luyen.api.test.js	CHANGED	61-4D-5B-88-D5-8B-CD-99-BE-C3-59-8B-0F-8A-10-9E-F2-E1-6C-A4-42-7C-D3-DC-5B-32-F2-6F-8C-51-CA-78
FE/src/pages/pt/buoi_huan_luyen/buoi_huan_luyen.index.test.js	CHANGED	08-6B-0F-E9-45-0B-0F-70-53-CE-E5-9B-B1-9D-E7-48-DE-EF-DD-D9-75-56-CB-63-51-DC-02-B5-01-E3-F9-A6
FE/src/pages/pt/de_xuat_ke_hoach_tap/de_xuat_ke_hoach_tap.tao_moi.vue	CHANGED	FF-3B-22-D5-E2-75-CD-B9-38-98-0E-F8-FE-B2-54-AF-17-99-25-B4-FE-CD-2F-3D-34-00-FB-A0-46-F8-C0-A4
FE/src/pages/pt/de_xuat_ke_hoach_tap/de_xuat_ke_hoach_tap.tao_moi.test.js	CHANGED	61-A9-24-C5-02-C1-F9-FB-D0-0F-13-A7-BF-ED-72-29-B0-BC-45-4B-1B-50-ED-CE-64-57-08-39-0E-62-8D-B9
FE/src/components/PT/khung_xem_de_xuat.vue	CHANGED	0A-A0-36-F2-12-D5-F4-41-5E-32-B1-99-0B-69-45-0B-10-53-61-5B-35-D2-38-8C-29-7D-89-C8-74-F7-D2-B9
FE/src/components/PT/khung_xem_de_xuat.test.js	CHANGED	D7-E6-7B-96-53-C8-94-62-34-75-74-C2-C8-A8-5C-0A-0B-BE-4A-A9-8A-1F-56-BE-24-DC-35-F7-1A-90-99-A7
docs/BACKEND_API_CONTRACT.md	CHANGED	BC-8F-08-2C-04-53-D5-C0-9D-66-14-71-BA-A7-55-C0-02-D7-C8-72-0C-C1-E4-5B-0D-B5-AE-C4-DD-74-98-C5
.fitness-sdd/fe6-all/task-1-report.md	CHANGED	84-70-F9-84-52-D4-96-CA-E4-E7-07-A2-B1-0B-62-B0-03-35-FD-CA-71-62-AD-94-71-1A-32-AC-2D-24-F3-53
